{
	"mute": "🔇",
	"volumemiddle": "🔉",
	"volumelow": "🔈",
	"volumehigh": "🔊",
	"stop": "⏹️",
	"skip": "⏭️",
	"shuffle": "🔀",
	"rewind": "⏪",
	"resume": "▶️",
	"remove": "⏏️",
	"queue": "🎶",
	"playlist": "🎶",
	"play": "▶️",
	"pause": "⏸️",
	"loop": "🔁",
	"forward": "⏩",
	"filter": "🎛️",
	"autoplay": "🎵",
	"addsong": "🎵",
	"music": "🎵",
	"warn": "⚠️",
	"join": "📥",
	"leave": "📤",
	"about": "🔎",
	"jump": "⏭️",
	"ok" : "<:green_tick:1033633739017818144>",
	"no":"<:redTick:1031166273272434728>"
}